User|Printers
S043W001|\\ps043\S043P-RR-02,\\ps043\S043P-RR-01
S043W132|\\ps043\S043P-RR-02,\\ps043\S043P-RR-01
S043W031|\\ps043\S043P-RR-02,\\ps043\S043P-RR-01
S043W149|\\ps043\S043P-RR-02,\\ps043\S043P-RR-01
S043W153|\\ps043\S043P-RR-02,\\ps043\S043P-RR-01
S043W042|\\ps043\S043P-RR-02,\\ps043\S043P-RR-01
S043W051|\\ps043\S043P-RR-02,\\ps043\S043P-RR-01
S043W056|\\ps043\S043P-RR-02,\\ps043\S043P-RR-01
S043W052|\\ps043\S043P-RR-02,\\ps043\S043P-RR-01
S043W053|\\ps043\S043P-RR-02,\\ps043\S043P-RR-01
S043W084|\\ps043\S043P-RR-02,\\ps043\S043P-RR-01
S043W088|\\ps043\S043P-RR-02,\\ps043\S043P-RR-01
S043W085|\\ps043\S043P-RR-02,\\ps043\S043P-RR-01
S043W089|\\ps043\S043P-RR-02,\\ps043\S043P-RR-01
S043W126|\\ps043\S043P-RR-02,\\ps043\S043P-RR-01
S043W132|\\ps043\S043P-RR-02,\\ps043\S043P-RR-01
S043W133|\\ps043\S043P-RR-02,\\ps043\S043P-RR-01
S043W075|\\ps043\S043P-RR-02,\\ps043\S043P-RR-01
S043W026|\\ps043\S043P-COMPTA-01
S043W225|\\ps043\S043P-COMPTA-01
S043W028|\\ps043\S043P-COMPTA-01
S043W086|\\ps043\S043P-COMPTA-01
S043W087|\\ps043\S043P-COMPTA-01
S043W098|\\ps043\S043P-COMPTA-01
S043W032|\\ps043\S043P-COMPTA-01,\\ps043\S043P-RR-01
S043W012|\\ps064\S043P-COMPTA-01,\\ps064\S043P-RR-01
S043W131|\\ps043\S043P-COMPTA-01
S043W096|\\ps043\S043P-ING-01
S043W035|\\ps043\S043P-RH-02,\\ps043\S043P-RH-01,\\S043W150\ps043p-rh-03
S043W066|\\ps043\S043P-RH-02,\\ps043\S043P-RH-01,\\S043W150\ps043p-rh-03
S043W068|\\ps043\S043P-RH-02,\\ps043\S043P-RH-01,\\S043W150\ps043p-rh-03
S043W124|\\ps043\S043P-RH-02,\\ps043\S043P-RH-01,\\S043W150\ps043p-rh-03
S043W150|\\ps043\S043P-RH-02,\\ps043\S043P-RH-01
S043W130|\\ps043\S043P-RH-02,\\ps043\S043P-RH-01,\\S043W150\ps043p-rh-03
S043W005|\\ps043\S043P-RH-02,\\ps043\S043P-RH-01,\\S043W150\ps043p-rh-03
S043W002|\\ps043\S043P-VEN13-01
S043W024|\\ps043\S043P-VEN13-01
S043W007|\\ps043\S043P-VEN12-01
S043W025|\\ps043\S043P-VEN12-01
S043W003|\\ps043\S043P-VEN12-02
S043W004|\\ps043\S043P-VEN12-02
S043W037|\\ps043\S043P-VEN12-02
S043W039|\\ps043\S043P-VEN12-02
S043W112|\\ps043\S043P-VEN12-02
S043W027|\\ps043\S043P-VEN05-01
S043W065|\\ps043\S043P-VEN05-01
S043W006|\\ps043\S043P-VEN05-02
S043W067|\\ps043\S043P-VEN05-02
S043W067|\\ps043\S043P-VEN05-02
S043W076|\\ps043\S043P-VEN05-02
S043W008|\\ps043\S043P-VEN07-01
S043W101|\\ps043\S043P-VEN07-01
S043W009|\\ps043\S043P-VEN07-02
S043W070|\\ps043\S043P-VEN07-02
S043W010|\\ps043\S043P-VEN06-01
S043W041|\\ps043\S043P-VEN06-01
S043W045|\\ps043\S043P-VEN06-02
S043W011|\\ps043\S043P-VEN06-02
S043W014|\\ps043\S043P-VEN02-01
S043W047|\\ps043\S043P-VEN02-01
S043W013|\\ps043\S043P-VEN02-02
S043W049|\\ps043\S043P-VEN02-02
S043W015|\\ps043\S043P-VEN14-01
S043W050|\\ps043\S043P-VEN14-01
S043W054|\\ps043\S043P-VEN01-01
S043W017|\\ps043\S043P-VEN01-02
S043W058|\\ps043\S043P-VEN01-02
S043W016|\\ps043\S043P-VEN01-02
S043W018|\\ps043\S043P-VEN10-01
S043W057|\\ps043\S043P-VEN10-01
S043W023|\\ps043\S043P-VEN08-01
S043W060|\\ps043\S043P-VEN08-01
S043W061|\\ps043\S043P-VEN03-01
S043W059|\\ps043\S043P-VEN03-01
S043W021|\\ps043\S043P-VEN09-01
S043W022|\\ps043\S043P-VEN09-02
S043W097|\\ps043\S043P-VEN09-01
S043W020|\\ps043\S043P-VEN04-01
S043W063|\\ps043\S043P-VEN04-01
S043W044|\\ps043\S043P-VEN11-01
S043W074|\\ps043\S043P-VEN11-01
S043W090|\\ps043\S043P-VEN15-01
S043W091|\\ps043\S043P-VEN15-02,\\ps043\S043P-VEN15-03,\\ps043\S043P-VEN15-04
S043W099|\\ps043\S043P-VEN15-02,\\ps043\S043P-VEN15-04,\\ps043\S043P-VEN15-03
S043W093|\\ps043\S043P-VEN15-02,\\ps043\S043P-VEN15-03,\\ps043\S043P-VEN15-04
S043W094|\\ps043\S043P-VEN15-02,\\ps043\S043P-VEN15-03,\\ps043\S043P-VEN15-04
S043W125|\\ps043\S043P-VEN15-02,\\ps043\S043P-VEN15-03,\\ps043\S043P-VEN15-04
S043W127|\\ps043\S043P-VEN15-02,\\ps043\S043P-VEN15-03,\\ps043\S043P-VEN15-04
S043W128|\\ps043\S043P-VEN15-02,\\ps043\S043P-VEN15-04,\\ps043\S043P-VEN15-03
S043W190|\\ps043\S043P-VEN15-02,\\ps043\S043P-VEN15-03,\\ps043\S043P-VEN15-04
S043W077|\\ps043\S043P-DOSTAVKA-01
S043W134|\\ps043\S043P-DOSTAVKA-01
S043W136|\\ps043\S043P-DOSTAVKA-02
S043W212|\\S043W138\S043P-DOSTAVKA-04
S043W139|\\ps043\S043P-DOSTAVKA-05
S043W137|\\ps043\S043P-DOSTAVKA-06
S043W083|\\ps043\S043P-RSSC-01
S043W095|\\ps043\S043P-RSSC-01
S043W082|\\ps043\S043P-RSSC-02,\\ps043\S043P-RSSC-01
S043W102|\\ps043\S043P-RSSC-02,\\ps043\S043P-RSSC-01
S043W114|\\ps043\S043P-RSSC-03
S043W079|\\ps043\S043P-PICKUP-01
S043W071|\\ps043\S043P-BALI-01,\\ps043\S043P-BALI-02,\\ps043\S043P-BALI-03
S043W080|\\ps043\S043P-BALI-01,\\ps043\S043P-BALI-02,\\ps043\S043P-BALI-03,\\ps043\S043P-RR-01
S043W078|\\ps043\S043P-BALI-01
S043W113|\\ps043\S043P-CORPORATE-01
S043W157|\\ps043\S043P-CORPORATE-01
S043W111|\\ps043\S043P-SGM-01
S043W115|\\ps043\S043P-SGM-01
S043W092|\\ps043\S043P-DIR-01
S043W046|\\ps043\S043P-KASSA-02
S043W040|\\ps043\S043P-IT-01
S043W154|\\ps043\S043P-IT-01
S043W220|\\ps043\S043P-SEC-01
S043W122|\\ps043\S043P-SEC-01
S043W140|\\ps043\S043P-SEC-01
S043W064|\\ps043\S043P-RH-07
S043W169|\\ps043\S043P-RECEP-01,\\ps043\S043P-RECEP-02
S043W170|\\ps043\S043P-RECEP-01,\\ps043\S043P-RECEP-02
S043W171|\\ps043\S043P-RECEP-01,\\ps043\S043P-RECEP-02
S043W172|\\ps043\S043P-RECEP-01,\\ps043\S043P-RECEP-02
S043W174|\\ps043\S043P-RECEP-01,\\ps043\S043P-RECEP-02
S043W175|\\ps043\S043P-RECEP-01,\\ps043\S043P-RECEP-02
S043W195|\\ps012\S012P-MAG043-001
S043W196|\\ps012\S012P-MAG043-001
S043W197|\\ps012\S012P-MAG043-001
S043W198|\\ps012\S012P-MAG043-001
S043W199|\\ps012\S012P-MAG043-001
S043W200|\\ps012\S012P-MAG043-001
S043W201|\\ps012\S012P-MAG043-001
S043W202|\\ps012\S012P-MAG043-001
S043W203|\\ps012\S012P-MAG043-001
S043W204|\\ps012\S012P-MAG043-001
S043W205|\\ps012\S012P-MAG043-001
S043W206|\\ps043\S043P-SAV-01
S043W208|\\ps012\S012P-MAG043-001
S043W213|\\ps012\S012P-MAG043-001
S043W214|\\ps012\S012P-MAG043-001
S043W192|\\ps043\S043P-RM-01,\\ps043\S043P-EM-02
S043W211|\\ps043\S043P-RM-01,\\ps043\S043P-EM-02
S043W210|\\ps043\S043P-PICKUP-01
S043W221|\\ps043\S043P-SAV-01
S043W215|\\ps005\mag043-trening-log,\\ps043\S043P-RECEP-02
s043w218|\\ps005\mag043-trening-log,\\ps043\S043P-RECEP-02
s043w217|\\ps043\S043P-KASSA-03
s043w219|\\ps005\mag043-trening-log,\\ps043\S043P-RECEP-02
s043w216|\\ps043\S043P-KASSA-04
S043C550|\\ps005\S005P-MAG043-001
S043C551|\\ps005\S005P-MAG043-001
S043C552|\\ps005\S005P-MAG043-001 
S043C553|\\ps005\S005P-MAG043-001
S043C554|\\ps005\S005P-MAG043-001
S043C555|\\ps005\S005P-MAG043-001 
S043C556|\\ps005\S005P-MAG043-001 
S043C557|\\ps005\S005P-MAG043-001
S043C558|\\ps005\S005P-MAG043-001 
S043W036|\\ps005\S005P-MAG043-001
S043W115|\\ps043\S043P-CGM-01
S043W222|\\ps043\S043P-EM-01
S043C450|\\ps043\S043P-RSSC-03
S043C004|\\ps043\S043P-KASSA-75
S043W123|\\ps043\S043P-IT-01
S043W072|\\ps043\S043P-DOSTAVKA-02
S043W118|\\ps043\S043P-RM-01
S043W121|\\ps043\S043P-OKNA-01
S043W135|\\ps043\S043P-OKNA-01
